Date,Dischage,Name,Station,lon,lat,Basin_Area,Elevation
2014-10-01,0.173,E14A032_TERSAKAN_Ç._AHMETSARAY,E14A032,35.8875,40.9869,250,758
2014-10-02,0.110,E14A032_TERSAKAN_Ç._AHMETSARAY,E14A032,35.8875,40.9869,250,758
2014-10-03,0.110,E14A032_TERSAKAN_Ç._AHMETSARAY,E14A032,35.8875,40.9869,250,758
2014-10-04,0.110,E14A032_TERSAKAN_Ç._AHMETSARAY,E14A032,35.8875,40.9869,250,758
2014-10-05,0.110,E14A032_TERSAKAN_Ç._AHMETSARAY,E14A032,35.8875,40.9869,250,758
2014-10-06,0.085,E14A032_TERSAKAN_Ç._AHMETSARAY,E14A032,35.8875,40.9869,250,758
2014-10-07,0.110,E14A032_TERSAKAN_Ç._AHMETSARAY,E14A032,35.8875,40.9869,250,758
2014-10-08,0.110,E14A032_TERSAKAN_Ç._AHMETSARAY,E14A032,35.8875,40.9869,250,758
2014-10-09,0.110,E14A032_TERSAKAN_Ç._AHMETSARAY,E14A032,35.8875,40.9869,250,758
2014-10-10,0.085,E14A032_TERSAKAN_Ç._AHMETSARAY,E14A032,35.8875,40.9869,250,758
2014-10-11,0.085,E14A032_TERSAKAN_Ç._AHMETSARAY,E14A032,35.8875,40.9869,250,758
2014-10-12,0.110,E14A032_TERSAKAN_Ç._AHMETSARAY,E14A032,35.8875,40.9869,250,758
2014-10-13,0.110,E14A032_TERSAKAN_Ç._AHMETSARAY,E14A032,35.8875,40.9869,250,758
2014-10-14,0.085,E14A032_TERSAKAN_Ç._AHMETSARAY,E14A032,35.8875,40.9869,250,758
2014-10-15,0.085,E14A032_TERSAKAN_Ç._AHMETSARAY,E14A032,35.8875,40.9869,250,758
2014-10-16,0.110,E14A032_TERSAKAN_Ç._AHMETSARAY,E14A032,35.8875,40.9869,250,758
2014-10-17,0.110,E14A032_TERSAKAN_Ç._AHMETSARAY,E14A032,35.8875,40.9869,250,758
2014-10-18,0.214,E14A032_TERSAKAN_Ç._AHMETSARAY,E14A032,35.8875,40.9869,250,758
2014-10-19,0.364,E14A032_TERSAKAN_Ç._AHMETSARAY,E14A032,35.8875,40.9869,250,758
2014-10-20,0.257,E14A032_TERSAKAN_Ç._AHMETSARAY,E14A032,35.8875,40.9869,250,758
2014-10-21,0.173,E14A032_TERSAKAN_Ç._AHMETSARAY,E14A032,35.8875,40.9869,250,758
2014-10-22,0.173,E14A032_TERSAKAN_Ç._AHMETSARAY,E14A032,35.8875,40.9869,250,758
2014-10-23,0.139,E14A032_TERSAKAN_Ç._AHMETSARAY,E14A032,35.8875,40.9869,250,758
2014-10-24,0.139,E14A032_TERSAKAN_Ç._AHMETSARAY,E14A032,35.8875,40.9869,250,758
2014-10-25,0.139,E14A032_TERSAKAN_Ç._AHMETSARAY,E14A032,35.8875,40.9869,250,758
2014-10-26,0.139,E14A032_TERSAKAN_Ç._AHMETSARAY,E14A032,35.8875,40.9869,250,758
2014-10-27,0.308,E14A032_TERSAKAN_Ç._AHMETSARAY,E14A032,35.8875,40.9869,250,758
2014-10-28,0.173,E14A032_TERSAKAN_Ç._AHMETSARAY,E14A032,35.8875,40.9869,250,758
2014-10-29,0.173,E14A032_TERSAKAN_Ç._AHMETSARAY,E14A032,35.8875,40.9869,250,758
2014-10-30,0.139,E14A032_TERSAKAN_Ç._AHMETSARAY,E14A032,35.8875,40.9869,250,758
2014-10-31,0.257,E14A032_TERSAKAN_Ç._AHMETSARAY,E14A032,35.8875,40.9869,250,758
2014-11-01,0.746,E14A032_TERSAKAN_Ç._AHMETSARAY,E14A032,35.8875,40.9869,250,758
2014-11-02,0.576,E14A032_TERSAKAN_Ç._AHMETSARAY,E14A032,35.8875,40.9869,250,758
2014-11-03,0.430,E14A032_TERSAKAN_Ç._AHMETSARAY,E14A032,35.8875,40.9869,250,758
2014-11-04,0.308,E14A032_TERSAKAN_Ç._AHMETSARAY,E14A032,35.8875,40.9869,250,758
2014-11-05,0.308,E14A032_TERSAKAN_Ç._AHMETSARAY,E14A032,35.8875,40.9869,250,758
2014-11-06,0.257,E14A032_TERSAKAN_Ç._AHMETSARAY,E14A032,35.8875,40.9869,250,758
2014-11-07,0.214,E14A032_TERSAKAN_Ç._AHMETSARAY,E14A032,35.8875,40.9869,250,758
2014-11-08,0.214,E14A032_TERSAKAN_Ç._AHMETSARAY,E14A032,35.8875,40.9869,250,758
2014-11-09,0.214,E14A032_TERSAKAN_Ç._AHMETSARAY,E14A032,35.8875,40.9869,250,758
2014-11-10,0.214,E14A032_TERSAKAN_Ç._AHMETSARAY,E14A032,35.8875,40.9869,250,758
2014-11-11,0.214,E14A032_TERSAKAN_Ç._AHMETSARAY,E14A032,35.8875,40.9869,250,758
2014-11-12,0.173,E14A032_TERSAKAN_Ç._AHMETSARAY,E14A032,35.8875,40.9869,250,758
2014-11-13,0.173,E14A032_TERSAKAN_Ç._AHMETSARAY,E14A032,35.8875,40.9869,250,758
2014-11-14,0.173,E14A032_TERSAKAN_Ç._AHMETSARAY,E14A032,35.8875,40.9869,250,758
2014-11-15,0.173,E14A032_TERSAKAN_Ç._AHMETSARAY,E14A032,35.8875,40.9869,250,758
2014-11-16,0.173,E14A032_TERSAKAN_Ç._AHMETSARAY,E14A032,35.8875,40.9869,250,758
2014-11-17,0.173,E14A032_TERSAKAN_Ç._AHMETSARAY,E14A032,35.8875,40.9869,250,758
2014-11-18,0.173,E14A032_TERSAKAN_Ç._AHMETSARAY,E14A032,35.8875,40.9869,250,758
2014-11-19,0.173,E14A032_TERSAKAN_Ç._AHMETSARAY,E14A032,35.8875,40.9869,250,758
2014-11-20,0.173,E14A032_TERSAKAN_Ç._AHMETSARAY,E14A032,35.8875,40.9869,250,758
2014-11-21,0.364,E14A032_TERSAKAN_Ç._AHMETSARAY,E14A032,35.8875,40.9869,250,758
2014-11-22,7.88,E14A032_TERSAKAN_Ç._AHMETSARAY,E14A032,35.8875,40.9869,250,758
2014-11-23,1.59,E14A032_TERSAKAN_Ç._AHMETSARAY,E14A032,35.8875,40.9869,250,758
2014-11-24,0.746,E14A032_TERSAKAN_Ç._AHMETSARAY,E14A032,35.8875,40.9869,250,758
2014-11-25,0.503,E14A032_TERSAKAN_Ç._AHMETSARAY,E14A032,35.8875,40.9869,250,758
2014-11-26,1.19,E14A032_TERSAKAN_Ç._AHMETSARAY,E14A032,35.8875,40.9869,250,758
2014-11-27,4.21,E14A032_TERSAKAN_Ç._AHMETSARAY,E14A032,35.8875,40.9869,250,758
2014-11-28,1.45,E14A032_TERSAKAN_Ç._AHMETSARAY,E14A032,35.8875,40.9869,250,758
2014-11-29,0.844,E14A032_TERSAKAN_Ç._AHMETSARAY,E14A032,35.8875,40.9869,250,758
2014-11-30,0.746,E14A032_TERSAKAN_Ç._AHMETSARAY,E14A032,35.8875,40.9869,250,758
2014-12-01,1.07,E14A032_TERSAKAN_Ç._AHMETSARAY,E14A032,35.8875,40.9869,250,758
2014-12-02,1.19,E14A032_TERSAKAN_Ç._AHMETSARAY,E14A032,35.8875,40.9869,250,758
2014-12-03,1.59,E14A032_TERSAKAN_Ç._AHMETSARAY,E14A032,35.8875,40.9869,250,758
2014-12-04,1.07,E14A032_TERSAKAN_Ç._AHMETSARAY,E14A032,35.8875,40.9869,250,758
2014-12-05,0.844,E14A032_TERSAKAN_Ç._AHMETSARAY,E14A032,35.8875,40.9869,250,758
2014-12-06,0.746,E14A032_TERSAKAN_Ç._AHMETSARAY,E14A032,35.8875,40.9869,250,758
2014-12-07,0.660,E14A032_TERSAKAN_Ç._AHMETSARAY,E14A032,35.8875,40.9869,250,758
2014-12-08,0.576,E14A032_TERSAKAN_Ç._AHMETSARAY,E14A032,35.8875,40.9869,250,758
2014-12-09,0.503,E14A032_TERSAKAN_Ç._AHMETSARAY,E14A032,35.8875,40.9869,250,758
2014-12-10,0.430,E14A032_TERSAKAN_Ç._AHMETSARAY,E14A032,35.8875,40.9869,250,758
2014-12-11,0.364,E14A032_TERSAKAN_Ç._AHMETSARAY,E14A032,35.8875,40.9869,250,758
2014-12-12,0.308,E14A032_TERSAKAN_Ç._AHMETSARAY,E14A032,35.8875,40.9869,250,758
2014-12-13,0.430,E14A032_TERSAKAN_Ç._AHMETSARAY,E14A032,35.8875,40.9869,250,758
2014-12-14,0.576,E14A032_TERSAKAN_Ç._AHMETSARAY,E14A032,35.8875,40.9869,250,758
2014-12-15,0.430,E14A032_TERSAKAN_Ç._AHMETSARAY,E14A032,35.8875,40.9869,250,758
2014-12-16,0.364,E14A032_TERSAKAN_Ç._AHMETSARAY,E14A032,35.8875,40.9869,250,758
2014-12-17,0.308,E14A032_TERSAKAN_Ç._AHMETSARAY,E14A032,35.8875,40.9869,250,758
2014-12-18,0.308,E14A032_TERSAKAN_Ç._AHMETSARAY,E14A032,35.8875,40.9869,250,758
2014-12-19,0.308,E14A032_TERSAKAN_Ç._AHMETSARAY,E14A032,35.8875,40.9869,250,758
2014-12-20,0.257,E14A032_TERSAKAN_Ç._AHMETSARAY,E14A032,35.8875,40.9869,250,758
2014-12-21,0.257,E14A032_TERSAKAN_Ç._AHMETSARAY,E14A032,35.8875,40.9869,250,758
2014-12-22,0.308,E14A032_TERSAKAN_Ç._AHMETSARAY,E14A032,35.8875,40.9869,250,758
2014-12-23,0.257,E14A032_TERSAKAN_Ç._AHMETSARAY,E14A032,35.8875,40.9869,250,758
2014-12-24,0.257,E14A032_TERSAKAN_Ç._AHMETSARAY,E14A032,35.8875,40.9869,250,758
2014-12-25,0.257,E14A032_TERSAKAN_Ç._AHMETSARAY,E14A032,35.8875,40.9869,250,758
2014-12-26,0.257,E14A032_TERSAKAN_Ç._AHMETSARAY,E14A032,35.8875,40.9869,250,758
2014-12-27,0.257,E14A032_TERSAKAN_Ç._AHMETSARAY,E14A032,35.8875,40.9869,250,758
2014-12-28,0.257,E14A032_TERSAKAN_Ç._AHMETSARAY,E14A032,35.8875,40.9869,250,758
2014-12-29,0.257,E14A032_TERSAKAN_Ç._AHMETSARAY,E14A032,35.8875,40.9869,250,758
2014-12-30,0.257,E14A032_TERSAKAN_Ç._AHMETSARAY,E14A032,35.8875,40.9869,250,758
2014-12-31,0.257,E14A032_TERSAKAN_Ç._AHMETSARAY,E14A032,35.8875,40.9869,250,758
2015-01-01,0.660,E14A032_TERSAKAN_Ç._AHMETSARAY,E14A032,35.8875,40.9869,250,758
2015-01-02,1.19,E14A032_TERSAKAN_Ç._AHMETSARAY,E14A032,35.8875,40.9869,250,758
2015-01-03,0.844,E14A032_TERSAKAN_Ç._AHMETSARAY,E14A032,35.8875,40.9869,250,758
2015-01-04,0.844,E14A032_TERSAKAN_Ç._AHMETSARAY,E14A032,35.8875,40.9869,250,758
2015-01-05,0.954,E14A032_TERSAKAN_Ç._AHMETSARAY,E14A032,35.8875,40.9869,250,758
2015-01-06,1.07,E14A032_TERSAKAN_Ç._AHMETSARAY,E14A032,35.8875,40.9869,250,758
2015-01-07,1.33,E14A032_TERSAKAN_Ç._AHMETSARAY,E14A032,35.8875,40.9869,250,758
2015-01-08,1.07,E14A032_TERSAKAN_Ç._AHMETSARAY,E14A032,35.8875,40.9869,250,758
2015-01-09,1.07,E14A032_TERSAKAN_Ç._AHMETSARAY,E14A032,35.8875,40.9869,250,758
2015-01-10,1.07,E14A032_TERSAKAN_Ç._AHMETSARAY,E14A032,35.8875,40.9869,250,758
2015-01-11,1.07,E14A032_TERSAKAN_Ç._AHMETSARAY,E14A032,35.8875,40.9869,250,758
2015-01-12,1.07,E14A032_TERSAKAN_Ç._AHMETSARAY,E14A032,35.8875,40.9869,250,758
2015-01-13,1.90,E14A032_TERSAKAN_Ç._AHMETSARAY,E14A032,35.8875,40.9869,250,758
2015-01-14,1.90,E14A032_TERSAKAN_Ç._AHMETSARAY,E14A032,35.8875,40.9869,250,758
2015-01-15,1.45,E14A032_TERSAKAN_Ç._AHMETSARAY,E14A032,35.8875,40.9869,250,758
2015-01-16,1.33,E14A032_TERSAKAN_Ç._AHMETSARAY,E14A032,35.8875,40.9869,250,758
2015-01-17,1.19,E14A032_TERSAKAN_Ç._AHMETSARAY,E14A032,35.8875,40.9869,250,758
2015-01-18,1.19,E14A032_TERSAKAN_Ç._AHMETSARAY,E14A032,35.8875,40.9869,250,758
2015-01-19,1.07,E14A032_TERSAKAN_Ç._AHMETSARAY,E14A032,35.8875,40.9869,250,758
2015-01-20,0.954,E14A032_TERSAKAN_Ç._AHMETSARAY,E14A032,35.8875,40.9869,250,758
2015-01-21,0.844,E14A032_TERSAKAN_Ç._AHMETSARAY,E14A032,35.8875,40.9869,250,758
2015-01-22,0.844,E14A032_TERSAKAN_Ç._AHMETSARAY,E14A032,35.8875,40.9869,250,758
2015-01-23,0.954,E14A032_TERSAKAN_Ç._AHMETSARAY,E14A032,35.8875,40.9869,250,758
2015-01-24,1.19,E14A032_TERSAKAN_Ç._AHMETSARAY,E14A032,35.8875,40.9869,250,758
2015-01-25,1.74,E14A032_TERSAKAN_Ç._AHMETSARAY,E14A032,35.8875,40.9869,250,758
2015-01-26,2.82,E14A032_TERSAKAN_Ç._AHMETSARAY,E14A032,35.8875,40.9869,250,758
2015-01-27,2.65,E14A032_TERSAKAN_Ç._AHMETSARAY,E14A032,35.8875,40.9869,250,758
2015-01-28,2.25,E14A032_TERSAKAN_Ç._AHMETSARAY,E14A032,35.8875,40.9869,250,758
2015-01-29,2.25,E14A032_TERSAKAN_Ç._AHMETSARAY,E14A032,35.8875,40.9869,250,758
2015-01-30,1.90,E14A032_TERSAKAN_Ç._AHMETSARAY,E14A032,35.8875,40.9869,250,758
2015-01-31,2.25,E14A032_TERSAKAN_Ç._AHMETSARAY,E14A032,35.8875,40.9869,250,758
2015-02-01,3.74,E14A032_TERSAKAN_Ç._AHMETSARAY,E14A032,35.8875,40.9869,250,758
2015-02-02,2.42,E14A032_TERSAKAN_Ç._AHMETSARAY,E14A032,35.8875,40.9869,250,758
2015-02-03,1.90,E14A032_TERSAKAN_Ç._AHMETSARAY,E14A032,35.8875,40.9869,250,758
2015-02-04,1.33,E14A032_TERSAKAN_Ç._AHMETSARAY,E14A032,35.8875,40.9869,250,758
2015-02-05,0.954,E14A032_TERSAKAN_Ç._AHMETSARAY,E14A032,35.8875,40.9869,250,758
2015-02-06,0.844,E14A032_TERSAKAN_Ç._AHMETSARAY,E14A032,35.8875,40.9869,250,758
2015-02-07,0.746,E14A032_TERSAKAN_Ç._AHMETSARAY,E14A032,35.8875,40.9869,250,758
2015-02-08,0.746,E14A032_TERSAKAN_Ç._AHMETSARAY,E14A032,35.8875,40.9869,250,758
2015-02-09,0.746,E14A032_TERSAKAN_Ç._AHMETSARAY,E14A032,35.8875,40.9869,250,758
2015-02-10,0.746,E14A032_TERSAKAN_Ç._AHMETSARAY,E14A032,35.8875,40.9869,250,758
2015-02-11,0.844,E14A032_TERSAKAN_Ç._AHMETSARAY,E14A032,35.8875,40.9869,250,758
2015-02-12,0.844,E14A032_TERSAKAN_Ç._AHMETSARAY,E14A032,35.8875,40.9869,250,758
2015-02-13,0.844,E14A032_TERSAKAN_Ç._AHMETSARAY,E14A032,35.8875,40.9869,250,758
2015-02-14,1.33,E14A032_TERSAKAN_Ç._AHMETSARAY,E14A032,35.8875,40.9869,250,758
2015-02-15,2.42,E14A032_TERSAKAN_Ç._AHMETSARAY,E14A032,35.8875,40.9869,250,758
2015-02-16,3.04,E14A032_TERSAKAN_Ç._AHMETSARAY,E14A032,35.8875,40.9869,250,758
2015-02-17,2.42,E14A032_TERSAKAN_Ç._AHMETSARAY,E14A032,35.8875,40.9869,250,758
2015-02-18,1.90,E14A032_TERSAKAN_Ç._AHMETSARAY,E14A032,35.8875,40.9869,250,758
2015-02-19,1.74,E14A032_TERSAKAN_Ç._AHMETSARAY,E14A032,35.8875,40.9869,250,758
2015-02-20,1.74,E14A032_TERSAKAN_Ç._AHMETSARAY,E14A032,35.8875,40.9869,250,758
2015-02-21,1.59,E14A032_TERSAKAN_Ç._AHMETSARAY,E14A032,35.8875,40.9869,250,758
2015-02-22,1.74,E14A032_TERSAKAN_Ç._AHMETSARAY,E14A032,35.8875,40.9869,250,758
2015-02-23,1.59,E14A032_TERSAKAN_Ç._AHMETSARAY,E14A032,35.8875,40.9869,250,758
2015-02-24,1.90,E14A032_TERSAKAN_Ç._AHMETSARAY,E14A032,35.8875,40.9869,250,758
2015-02-25,4.48,E14A032_TERSAKAN_Ç._AHMETSARAY,E14A032,35.8875,40.9869,250,758
2015-02-26,8.60,E14A032_TERSAKAN_Ç._AHMETSARAY,E14A032,35.8875,40.9869,250,758
2015-02-27,7.88,E14A032_TERSAKAN_Ç._AHMETSARAY,E14A032,35.8875,40.9869,250,758
2015-02-28,10.6,E14A032_TERSAKAN_Ç._AHMETSARAY,E14A032,35.8875,40.9869,250,758
2015-03-01,6.89,E14A032_TERSAKAN_Ç._AHMETSARAY,E14A032,35.8875,40.9869,250,758
2015-03-02,4.80,E14A032_TERSAKAN_Ç._AHMETSARAY,E14A032,35.8875,40.9869,250,758
2015-03-03,3.49,E14A032_TERSAKAN_Ç._AHMETSARAY,E14A032,35.8875,40.9869,250,758
2015-03-04,3.28,E14A032_TERSAKAN_Ç._AHMETSARAY,E14A032,35.8875,40.9869,250,758
2015-03-05,2.66,E14A032_TERSAKAN_Ç._AHMETSARAY,E14A032,35.8875,40.9869,250,758
2015-03-06,2.12,E14A032_TERSAKAN_Ç._AHMETSARAY,E14A032,35.8875,40.9869,250,758
2015-03-07,1.96,E14A032_TERSAKAN_Ç._AHMETSARAY,E14A032,35.8875,40.9869,250,758
2015-03-08,1.79,E14A032_TERSAKAN_Ç._AHMETSARAY,E14A032,35.8875,40.9869,250,758
2015-03-09,1.38,E14A032_TERSAKAN_Ç._AHMETSARAY,E14A032,35.8875,40.9869,250,758
2015-03-10,1.13,E14A032_TERSAKAN_Ç._AHMETSARAY,E14A032,35.8875,40.9869,250,758
2015-03-11,1.13,E14A032_TERSAKAN_Ç._AHMETSARAY,E14A032,35.8875,40.9869,250,758
2015-03-12,6.54,E14A032_TERSAKAN_Ç._AHMETSARAY,E14A032,35.8875,40.9869,250,758
2015-03-13,5.36,E14A032_TERSAKAN_Ç._AHMETSARAY,E14A032,35.8875,40.9869,250,758
2015-03-14,3.07,E14A032_TERSAKAN_Ç._AHMETSARAY,E14A032,35.8875,40.9869,250,758
2015-03-15,4.28,E14A032_TERSAKAN_Ç._AHMETSARAY,E14A032,35.8875,40.9869,250,758
2015-03-16,9.29,E14A032_TERSAKAN_Ç._AHMETSARAY,E14A032,35.8875,40.9869,250,758
2015-03-17,10.6,E14A032_TERSAKAN_Ç._AHMETSARAY,E14A032,35.8875,40.9869,250,758
2015-03-18,11.5,E14A032_TERSAKAN_Ç._AHMETSARAY,E14A032,35.8875,40.9869,250,758
2015-03-19,2.29,E14A032_TERSAKAN_Ç._AHMETSARAY,E14A032,35.8875,40.9869,250,758
2015-03-20,5.64,E14A032_TERSAKAN_Ç._AHMETSARAY,E14A032,35.8875,40.9869,250,758
2015-03-21,10.6,E14A032_TERSAKAN_Ç._AHMETSARAY,E14A032,35.8875,40.9869,250,758
2015-03-22,10.6,E14A032_TERSAKAN_Ç._AHMETSARAY,E14A032,35.8875,40.9869,250,758
2015-03-23,12.4,E14A032_TERSAKAN_Ç._AHMETSARAY,E14A032,35.8875,40.9869,250,758
2015-03-24,17.2,E14A032_TERSAKAN_Ç._AHMETSARAY,E14A032,35.8875,40.9869,250,758
2015-03-25,16.6,E14A032_TERSAKAN_Ç._AHMETSARAY,E14A032,35.8875,40.9869,250,758
2015-03-26,14.9,E14A032_TERSAKAN_Ç._AHMETSARAY,E14A032,35.8875,40.9869,250,758
2015-03-27,9.29,E14A032_TERSAKAN_Ç._AHMETSARAY,E14A032,35.8875,40.9869,250,758
2015-03-28,3.49,E14A032_TERSAKAN_Ç._AHMETSARAY,E14A032,35.8875,40.9869,250,758
2015-03-29,2.29,E14A032_TERSAKAN_Ç._AHMETSARAY,E14A032,35.8875,40.9869,250,758
2015-03-30,6.54,E14A032_TERSAKAN_Ç._AHMETSARAY,E14A032,35.8875,40.9869,250,758
2015-03-31,3.07,E14A032_TERSAKAN_Ç._AHMETSARAY,E14A032,35.8875,40.9869,250,758
2015-04-01,2.45,E14A032_TERSAKAN_Ç._AHMETSARAY,E14A032,35.8875,40.9869,250,758
2015-04-02,4.28,E14A032_TERSAKAN_Ç._AHMETSARAY,E14A032,35.8875,40.9869,250,758
2015-04-03,13.4,E14A032_TERSAKAN_Ç._AHMETSARAY,E14A032,35.8875,40.9869,250,758
2015-04-04,15.5,E14A032_TERSAKAN_Ç._AHMETSARAY,E14A032,35.8875,40.9869,250,758
2015-04-05,18.4,E14A032_TERSAKAN_Ç._AHMETSARAY,E14A032,35.8875,40.9869,250,758
2015-04-06,13.4,E14A032_TERSAKAN_Ç._AHMETSARAY,E14A032,35.8875,40.9869,250,758
2015-04-07,10.1,E14A032_TERSAKAN_Ç._AHMETSARAY,E14A032,35.8875,40.9869,250,758
2015-04-08,10.1,E14A032_TERSAKAN_Ç._AHMETSARAY,E14A032,35.8875,40.9869,250,758
2015-04-09,16.0,E14A032_TERSAKAN_Ç._AHMETSARAY,E14A032,35.8875,40.9869,250,758
2015-04-10,14.9,E14A032_TERSAKAN_Ç._AHMETSARAY,E14A032,35.8875,40.9869,250,758
2015-04-11,13.4,E14A032_TERSAKAN_Ç._AHMETSARAY,E14A032,35.8875,40.9869,250,758
2015-04-12,13.4,E14A032_TERSAKAN_Ç._AHMETSARAY,E14A032,35.8875,40.9869,250,758
2015-04-13,13.4,E14A032_TERSAKAN_Ç._AHMETSARAY,E14A032,35.8875,40.9869,250,758
2015-04-14,14.3,E14A032_TERSAKAN_Ç._AHMETSARAY,E14A032,35.8875,40.9869,250,758
2015-04-15,14.3,E14A032_TERSAKAN_Ç._AHMETSARAY,E14A032,35.8875,40.9869,250,758
2015-04-16,12.0,E14A032_TERSAKAN_Ç._AHMETSARAY,E14A032,35.8875,40.9869,250,758
2015-04-17,8.94,E14A032_TERSAKAN_Ç._AHMETSARAY,E14A032,35.8875,40.9869,250,758
2015-04-18,2.29,E14A032_TERSAKAN_Ç._AHMETSARAY,E14A032,35.8875,40.9869,250,758
2015-04-19,1.96,E14A032_TERSAKAN_Ç._AHMETSARAY,E14A032,35.8875,40.9869,250,758
2015-04-20,1.79,E14A032_TERSAKAN_Ç._AHMETSARAY,E14A032,35.8875,40.9869,250,758
2015-04-21,1.63,E14A032_TERSAKAN_Ç._AHMETSARAY,E14A032,35.8875,40.9869,250,758
2015-04-22,2.12,E14A032_TERSAKAN_Ç._AHMETSARAY,E14A032,35.8875,40.9869,250,758
2015-04-23,2.29,E14A032_TERSAKAN_Ç._AHMETSARAY,E14A032,35.8875,40.9869,250,758
2015-04-24,2.45,E14A032_TERSAKAN_Ç._AHMETSARAY,E14A032,35.8875,40.9869,250,758
2015-04-25,1.96,E14A032_TERSAKAN_Ç._AHMETSARAY,E14A032,35.8875,40.9869,250,758
2015-04-26,2.12,E14A032_TERSAKAN_Ç._AHMETSARAY,E14A032,35.8875,40.9869,250,758
2015-04-27,8.94,E14A032_TERSAKAN_Ç._AHMETSARAY,E14A032,35.8875,40.9869,250,758
2015-04-28,1.79,E14A032_TERSAKAN_Ç._AHMETSARAY,E14A032,35.8875,40.9869,250,758
2015-04-29,1.50,E14A032_TERSAKAN_Ç._AHMETSARAY,E14A032,35.8875,40.9869,250,758
2015-04-30,1.38,E14A032_TERSAKAN_Ç._AHMETSARAY,E14A032,35.8875,40.9869,250,758
2015-05-01,1.38,E14A032_TERSAKAN_Ç._AHMETSARAY,E14A032,35.8875,40.9869,250,758
2015-05-02,1.25,E14A032_TERSAKAN_Ç._AHMETSARAY,E14A032,35.8875,40.9869,250,758
2015-05-03,1.50,E14A032_TERSAKAN_Ç._AHMETSARAY,E14A032,35.8875,40.9869,250,758
2015-05-04,11.5,E14A032_TERSAKAN_Ç._AHMETSARAY,E14A032,35.8875,40.9869,250,758
2015-05-05,6.89,E14A032_TERSAKAN_Ç._AHMETSARAY,E14A032,35.8875,40.9869,250,758
2015-05-06,1.38,E14A032_TERSAKAN_Ç._AHMETSARAY,E14A032,35.8875,40.9869,250,758
2015-05-07,1.13,E14A032_TERSAKAN_Ç._AHMETSARAY,E14A032,35.8875,40.9869,250,758
2015-05-08,4.01,E14A032_TERSAKAN_Ç._AHMETSARAY,E14A032,35.8875,40.9869,250,758
2015-05-09,8.94,E14A032_TERSAKAN_Ç._AHMETSARAY,E14A032,35.8875,40.9869,250,758
2015-05-10,2.66,E14A032_TERSAKAN_Ç._AHMETSARAY,E14A032,35.8875,40.9869,250,758
2015-05-11,2.12,E14A032_TERSAKAN_Ç._AHMETSARAY,E14A032,35.8875,40.9869,250,758
2015-05-12,2.66,E14A032_TERSAKAN_Ç._AHMETSARAY,E14A032,35.8875,40.9869,250,758
2015-05-13,2.87,E14A032_TERSAKAN_Ç._AHMETSARAY,E14A032,35.8875,40.9869,250,758
2015-05-14,2.87,E14A032_TERSAKAN_Ç._AHMETSARAY,E14A032,35.8875,40.9869,250,758
2015-05-15,2.87,E14A032_TERSAKAN_Ç._AHMETSARAY,E14A032,35.8875,40.9869,250,758
2015-05-16,2.12,E14A032_TERSAKAN_Ç._AHMETSARAY,E14A032,35.8875,40.9869,250,758
2015-05-17,2.12,E14A032_TERSAKAN_Ç._AHMETSARAY,E14A032,35.8875,40.9869,250,758
2015-05-18,2.66,E14A032_TERSAKAN_Ç._AHMETSARAY,E14A032,35.8875,40.9869,250,758
2015-05-19,2.45,E14A032_TERSAKAN_Ç._AHMETSARAY,E14A032,35.8875,40.9869,250,758
2015-05-20,2.66,E14A032_TERSAKAN_Ç._AHMETSARAY,E14A032,35.8875,40.9869,250,758
2015-05-21,2.66,E14A032_TERSAKAN_Ç._AHMETSARAY,E14A032,35.8875,40.9869,250,758
2015-05-22,3.07,E14A032_TERSAKAN_Ç._AHMETSARAY,E14A032,35.8875,40.9869,250,758
2015-05-23,1.63,E14A032_TERSAKAN_Ç._AHMETSARAY,E14A032,35.8875,40.9869,250,758
2015-05-24,2.45,E14A032_TERSAKAN_Ç._AHMETSARAY,E14A032,35.8875,40.9869,250,758
2015-05-25,3.75,E14A032_TERSAKAN_Ç._AHMETSARAY,E14A032,35.8875,40.9869,250,758
2015-05-26,4.01,E14A032_TERSAKAN_Ç._AHMETSARAY,E14A032,35.8875,40.9869,250,758
2015-05-27,3.07,E14A032_TERSAKAN_Ç._AHMETSARAY,E14A032,35.8875,40.9869,250,758
2015-05-28,2.45,E14A032_TERSAKAN_Ç._AHMETSARAY,E14A032,35.8875,40.9869,250,758
2015-05-29,1.38,E14A032_TERSAKAN_Ç._AHMETSARAY,E14A032,35.8875,40.9869,250,758
2015-05-30,1.25,E14A032_TERSAKAN_Ç._AHMETSARAY,E14A032,35.8875,40.9869,250,758
2015-05-31,1.50,E14A032_TERSAKAN_Ç._AHMETSARAY,E14A032,35.8875,40.9869,250,758
2015-06-01,1.63,E14A032_TERSAKAN_Ç._AHMETSARAY,E14A032,35.8875,40.9869,250,758
2015-06-02,1.25,E14A032_TERSAKAN_Ç._AHMETSARAY,E14A032,35.8875,40.9869,250,758
2015-06-03,1.25,E14A032_TERSAKAN_Ç._AHMETSARAY,E14A032,35.8875,40.9869,250,758
2015-06-04,1.25,E14A032_TERSAKAN_Ç._AHMETSARAY,E14A032,35.8875,40.9869,250,758
2015-06-05,1.25,E14A032_TERSAKAN_Ç._AHMETSARAY,E14A032,35.8875,40.9869,250,758
2015-06-06,1.25,E14A032_TERSAKAN_Ç._AHMETSARAY,E14A032,35.8875,40.9869,250,758
2015-06-07,1.25,E14A032_TERSAKAN_Ç._AHMETSARAY,E14A032,35.8875,40.9869,250,758
2015-06-08,1.38,E14A032_TERSAKAN_Ç._AHMETSARAY,E14A032,35.8875,40.9869,250,758
2015-06-09,1.13,E14A032_TERSAKAN_Ç._AHMETSARAY,E14A032,35.8875,40.9869,250,758
2015-06-10,1.25,E14A032_TERSAKAN_Ç._AHMETSARAY,E14A032,35.8875,40.9869,250,758
2015-06-11,1.25,E14A032_TERSAKAN_Ç._AHMETSARAY,E14A032,35.8875,40.9869,250,758
2015-06-12,1.25,E14A032_TERSAKAN_Ç._AHMETSARAY,E14A032,35.8875,40.9869,250,758
2015-06-13,1.25,E14A032_TERSAKAN_Ç._AHMETSARAY,E14A032,35.8875,40.9869,250,758
2015-06-14,1.96,E14A032_TERSAKAN_Ç._AHMETSARAY,E14A032,35.8875,40.9869,250,758
2015-06-15,3.07,E14A032_TERSAKAN_Ç._AHMETSARAY,E14A032,35.8875,40.9869,250,758
2015-06-16,3.07,E14A032_TERSAKAN_Ç._AHMETSARAY,E14A032,35.8875,40.9869,250,758
2015-06-17,4.28,E14A032_TERSAKAN_Ç._AHMETSARAY,E14A032,35.8875,40.9869,250,758
2015-06-18,5.08,E14A032_TERSAKAN_Ç._AHMETSARAY,E14A032,35.8875,40.9869,250,758
2015-06-19,5.36,E14A032_TERSAKAN_Ç._AHMETSARAY,E14A032,35.8875,40.9869,250,758
2015-06-20,2.66,E14A032_TERSAKAN_Ç._AHMETSARAY,E14A032,35.8875,40.9869,250,758
2015-06-21,3.28,E14A032_TERSAKAN_Ç._AHMETSARAY,E14A032,35.8875,40.9869,250,758
2015-06-22,5.92,E14A032_TERSAKAN_Ç._AHMETSARAY,E14A032,35.8875,40.9869,250,758
2015-06-23,7.57,E14A032_TERSAKAN_Ç._AHMETSARAY,E14A032,35.8875,40.9869,250,758
2015-06-24,8.26,E14A032_TERSAKAN_Ç._AHMETSARAY,E14A032,35.8875,40.9869,250,758
2015-06-25,7.23,E14A032_TERSAKAN_Ç._AHMETSARAY,E14A032,35.8875,40.9869,250,758
2015-06-26,3.28,E14A032_TERSAKAN_Ç._AHMETSARAY,E14A032,35.8875,40.9869,250,758
2015-06-27,1.79,E14A032_TERSAKAN_Ç._AHMETSARAY,E14A032,35.8875,40.9869,250,758
2015-06-28,2.66,E14A032_TERSAKAN_Ç._AHMETSARAY,E14A032,35.8875,40.9869,250,758
2015-06-29,1.63,E14A032_TERSAKAN_Ç._AHMETSARAY,E14A032,35.8875,40.9869,250,758
2015-06-30,2.45,E14A032_TERSAKAN_Ç._AHMETSARAY,E14A032,35.8875,40.9869,250,758
2015-07-01,3.28,E14A032_TERSAKAN_Ç._AHMETSARAY,E14A032,35.8875,40.9869,250,758
2015-07-02,4.28,E14A032_TERSAKAN_Ç._AHMETSARAY,E14A032,35.8875,40.9869,250,758
2015-07-03,4.28,E14A032_TERSAKAN_Ç._AHMETSARAY,E14A032,35.8875,40.9869,250,758
2015-07-04,6.54,E14A032_TERSAKAN_Ç._AHMETSARAY,E14A032,35.8875,40.9869,250,758
2015-07-05,8.26,E14A032_TERSAKAN_Ç._AHMETSARAY,E14A032,35.8875,40.9869,250,758
2015-07-06,8.94,E14A032_TERSAKAN_Ç._AHMETSARAY,E14A032,35.8875,40.9869,250,758
2015-07-07,8.60,E14A032_TERSAKAN_Ç._AHMETSARAY,E14A032,35.8875,40.9869,250,758
2015-07-08,8.60,E14A032_TERSAKAN_Ç._AHMETSARAY,E14A032,35.8875,40.9869,250,758
2015-07-09,8.60,E14A032_TERSAKAN_Ç._AHMETSARAY,E14A032,35.8875,40.9869,250,758
2015-07-10,9.63,E14A032_TERSAKAN_Ç._AHMETSARAY,E14A032,35.8875,40.9869,250,758
2015-07-11,8.60,E14A032_TERSAKAN_Ç._AHMETSARAY,E14A032,35.8875,40.9869,250,758
2015-07-12,8.94,E14A032_TERSAKAN_Ç._AHMETSARAY,E14A032,35.8875,40.9869,250,758
2015-07-13,8.26,E14A032_TERSAKAN_Ç._AHMETSARAY,E14A032,35.8875,40.9869,250,758
2015-07-14,8.94,E14A032_TERSAKAN_Ç._AHMETSARAY,E14A032,35.8875,40.9869,250,758
2015-07-15,5.64,E14A032_TERSAKAN_Ç._AHMETSARAY,E14A032,35.8875,40.9869,250,758
2015-07-16,2.45,E14A032_TERSAKAN_Ç._AHMETSARAY,E14A032,35.8875,40.9869,250,758
2015-07-17,2.45,E14A032_TERSAKAN_Ç._AHMETSARAY,E14A032,35.8875,40.9869,250,758
2015-07-18,2.66,E14A032_TERSAKAN_Ç._AHMETSARAY,E14A032,35.8875,40.9869,250,758
2015-07-19,5.64,E14A032_TERSAKAN_Ç._AHMETSARAY,E14A032,35.8875,40.9869,250,758
2015-07-20,9.63,E14A032_TERSAKAN_Ç._AHMETSARAY,E14A032,35.8875,40.9869,250,758
2015-07-21,9.63,E14A032_TERSAKAN_Ç._AHMETSARAY,E14A032,35.8875,40.9869,250,758
2015-07-22,9.63,E14A032_TERSAKAN_Ç._AHMETSARAY,E14A032,35.8875,40.9869,250,758
2015-07-23,9.63,E14A032_TERSAKAN_Ç._AHMETSARAY,E14A032,35.8875,40.9869,250,758
2015-07-24,10.1,E14A032_TERSAKAN_Ç._AHMETSARAY,E14A032,35.8875,40.9869,250,758
2015-07-25,10.6,E14A032_TERSAKAN_Ç._AHMETSARAY,E14A032,35.8875,40.9869,250,758
2015-07-26,11.5,E14A032_TERSAKAN_Ç._AHMETSARAY,E14A032,35.8875,40.9869,250,758
2015-07-27,11.5,E14A032_TERSAKAN_Ç._AHMETSARAY,E14A032,35.8875,40.9869,250,758
2015-07-28,11.5,E14A032_TERSAKAN_Ç._AHMETSARAY,E14A032,35.8875,40.9869,250,758
2015-07-29,11.5,E14A032_TERSAKAN_Ç._AHMETSARAY,E14A032,35.8875,40.9869,250,758
2015-07-30,10.6,E14A032_TERSAKAN_Ç._AHMETSARAY,E14A032,35.8875,40.9869,250,758
2015-07-31,9.63,E14A032_TERSAKAN_Ç._AHMETSARAY,E14A032,35.8875,40.9869,250,758
2015-08-01,6.89,E14A032_TERSAKAN_Ç._AHMETSARAY,E14A032,35.8875,40.9869,250,758
2015-08-02,7.57,E14A032_TERSAKAN_Ç._AHMETSARAY,E14A032,35.8875,40.9869,250,758
2015-08-03,7.92,E14A032_TERSAKAN_Ç._AHMETSARAY,E14A032,35.8875,40.9869,250,758
2015-08-04,7.23,E14A032_TERSAKAN_Ç._AHMETSARAY,E14A032,35.8875,40.9869,250,758
2015-08-05,7.57,E14A032_TERSAKAN_Ç._AHMETSARAY,E14A032,35.8875,40.9869,250,758
2015-08-06,6.89,E14A032_TERSAKAN_Ç._AHMETSARAY,E14A032,35.8875,40.9869,250,758
2015-08-07,5.92,E14A032_TERSAKAN_Ç._AHMETSARAY,E14A032,35.8875,40.9869,250,758
2015-08-08,2.45,E14A032_TERSAKAN_Ç._AHMETSARAY,E14A032,35.8875,40.9869,250,758
2015-08-09,2.12,E14A032_TERSAKAN_Ç._AHMETSARAY,E14A032,35.8875,40.9869,250,758
2015-08-10,3.07,E14A032_TERSAKAN_Ç._AHMETSARAY,E14A032,35.8875,40.9869,250,758
2015-08-11,2.45,E14A032_TERSAKAN_Ç._AHMETSARAY,E14A032,35.8875,40.9869,250,758
2015-08-12,1.13,E14A032_TERSAKAN_Ç._AHMETSARAY,E14A032,35.8875,40.9869,250,758
2015-08-13,0.756,E14A032_TERSAKAN_Ç._AHMETSARAY,E14A032,35.8875,40.9869,250,758
2015-08-14,2.45,E14A032_TERSAKAN_Ç._AHMETSARAY,E14A032,35.8875,40.9869,250,758
2015-08-15,4.80,E14A032_TERSAKAN_Ç._AHMETSARAY,E14A032,35.8875,40.9869,250,758
2015-08-16,6.20,E14A032_TERSAKAN_Ç._AHMETSARAY,E14A032,35.8875,40.9869,250,758
2015-08-17,6.20,E14A032_TERSAKAN_Ç._AHMETSARAY,E14A032,35.8875,40.9869,250,758
2015-08-18,5.64,E14A032_TERSAKAN_Ç._AHMETSARAY,E14A032,35.8875,40.9869,250,758
2015-08-19,6.20,E14A032_TERSAKAN_Ç._AHMETSARAY,E14A032,35.8875,40.9869,250,758
2015-08-20,5.64,E14A032_TERSAKAN_Ç._AHMETSARAY,E14A032,35.8875,40.9869,250,758
2015-08-21,4.54,E14A032_TERSAKAN_Ç._AHMETSARAY,E14A032,35.8875,40.9869,250,758
2015-08-22,1.79,E14A032_TERSAKAN_Ç._AHMETSARAY,E14A032,35.8875,40.9869,250,758
2015-08-23,0.756,E14A032_TERSAKAN_Ç._AHMETSARAY,E14A032,35.8875,40.9869,250,758
2015-08-24,0.675,E14A032_TERSAKAN_Ç._AHMETSARAY,E14A032,35.8875,40.9869,250,758
2015-08-25,0.675,E14A032_TERSAKAN_Ç._AHMETSARAY,E14A032,35.8875,40.9869,250,758
2015-08-26,0.675,E14A032_TERSAKAN_Ç._AHMETSARAY,E14A032,35.8875,40.9869,250,758
2015-08-27,0.675,E14A032_TERSAKAN_Ç._AHMETSARAY,E14A032,35.8875,40.9869,250,758
2015-08-28,0.675,E14A032_TERSAKAN_Ç._AHMETSARAY,E14A032,35.8875,40.9869,250,758
2015-08-29,0.594,E14A032_TERSAKAN_Ç._AHMETSARAY,E14A032,35.8875,40.9869,250,758
2015-08-30,0.594,E14A032_TERSAKAN_Ç._AHMETSARAY,E14A032,35.8875,40.9869,250,758
2015-08-31,0.594,E14A032_TERSAKAN_Ç._AHMETSARAY,E14A032,35.8875,40.9869,250,758
2015-09-01,2.45,E14A032_TERSAKAN_Ç._AHMETSARAY,E14A032,35.8875,40.9869,250,758
2015-09-02,4.54,E14A032_TERSAKAN_Ç._AHMETSARAY,E14A032,35.8875,40.9869,250,758
2015-09-03,5.64,E14A032_TERSAKAN_Ç._AHMETSARAY,E14A032,35.8875,40.9869,250,758
2015-09-04,2.45,E14A032_TERSAKAN_Ç._AHMETSARAY,E14A032,35.8875,40.9869,250,758
2015-09-05,0.594,E14A032_TERSAKAN_Ç._AHMETSARAY,E14A032,35.8875,40.9869,250,758
2015-09-06,2.45,E14A032_TERSAKAN_Ç._AHMETSARAY,E14A032,35.8875,40.9869,250,758
2015-09-07,5.08,E14A032_TERSAKAN_Ç._AHMETSARAY,E14A032,35.8875,40.9869,250,758
2015-09-08,4.54,E14A032_TERSAKAN_Ç._AHMETSARAY,E14A032,35.8875,40.9869,250,758
2015-09-09,3.75,E14A032_TERSAKAN_Ç._AHMETSARAY,E14A032,35.8875,40.9869,250,758
2015-09-10,1.50,E14A032_TERSAKAN_Ç._AHMETSARAY,E14A032,35.8875,40.9869,250,758
2015-09-11,0.756,E14A032_TERSAKAN_Ç._AHMETSARAY,E14A032,35.8875,40.9869,250,758
2015-09-12,0.756,E14A032_TERSAKAN_Ç._AHMETSARAY,E14A032,35.8875,40.9869,250,758
2015-09-13,0.838,E14A032_TERSAKAN_Ç._AHMETSARAY,E14A032,35.8875,40.9869,250,758
2015-09-14,0.756,E14A032_TERSAKAN_Ç._AHMETSARAY,E14A032,35.8875,40.9869,250,758
2015-09-15,0.756,E14A032_TERSAKAN_Ç._AHMETSARAY,E14A032,35.8875,40.9869,250,758
2015-09-16,0.756,E14A032_TERSAKAN_Ç._AHMETSARAY,E14A032,35.8875,40.9869,250,758
2015-09-17,0.756,E14A032_TERSAKAN_Ç._AHMETSARAY,E14A032,35.8875,40.9869,250,758
2015-09-18,0.675,E14A032_TERSAKAN_Ç._AHMETSARAY,E14A032,35.8875,40.9869,250,758
2015-09-19,0.675,E14A032_TERSAKAN_Ç._AHMETSARAY,E14A032,35.8875,40.9869,250,758
2015-09-20,0.675,E14A032_TERSAKAN_Ç._AHMETSARAY,E14A032,35.8875,40.9869,250,758
2015-09-21,0.594,E14A032_TERSAKAN_Ç._AHMETSARAY,E14A032,35.8875,40.9869,250,758
2015-09-22,0.594,E14A032_TERSAKAN_Ç._AHMETSARAY,E14A032,35.8875,40.9869,250,758
2015-09-23,0.594,E14A032_TERSAKAN_Ç._AHMETSARAY,E14A032,35.8875,40.9869,250,758
2015-09-24,0.594,E14A032_TERSAKAN_Ç._AHMETSARAY,E14A032,35.8875,40.9869,250,758
2015-09-25,0.594,E14A032_TERSAKAN_Ç._AHMETSARAY,E14A032,35.8875,40.9869,250,758
2015-09-26,0.675,E14A032_TERSAKAN_Ç._AHMETSARAY,E14A032,35.8875,40.9869,250,758
2015-09-27,0.675,E14A032_TERSAKAN_Ç._AHMETSARAY,E14A032,35.8875,40.9869,250,758
2015-09-28,0.675,E14A032_TERSAKAN_Ç._AHMETSARAY,E14A032,35.8875,40.9869,250,758
2015-09-29,0.675,E14A032_TERSAKAN_Ç._AHMETSARAY,E14A032,35.8875,40.9869,250,758
2015-09-30,0.675,E14A032_TERSAKAN_Ç._AHMETSARAY,E14A032,35.8875,40.9869,250,758
